runtime,strategy,N,status,peak_gib,seconds
julia,KennardStoneSplit,100,OK,0.0002,0
julia,KennardStoneSplit,300,OK,0.0002,0.0002
julia,KennardStoneSplit,1000,OK,0.0078,0.0028
julia,KennardStoneSplit,3000,OK,0.0677,0.0349
julia,KennardStoneSplit,10000,OK,0.7467,0.3824
julia,KennardStoneSplit,30000,OOM,,
julia,KennardStoneSplit,100000,SKIPPED,,
julia,LazyKennardStoneSplit,100,OK,0,0.0001
julia,LazyKennardStoneSplit,300,OK,0,0.0008
julia,LazyKennardStoneSplit,1000,OK,0,0.0085
julia,LazyKennardStoneSplit,3000,OK,0,0.0823
julia,LazyKennardStoneSplit,10000,OK,0.0009,0.9039
julia,LazyKennardStoneSplit,30000,OK,0.0044,8.2608
julia,LazyKennardStoneSplit,100000,OK,0.0177,103.507
julia,LazyOptiSimSplit,100,OK,0.0002,0.0001
julia,LazyOptiSimSplit,300,OK,0.0002,0.0004
julia,LazyOptiSimSplit,1000,OK,0.0002,0.0037
julia,LazyOptiSimSplit,3000,OK,0.0006,0.0387
julia,LazyOptiSimSplit,10000,OK,0.0017,0.4407
julia,LazyOptiSimSplit,30000,OK,0.0047,4.3334
julia,LazyOptiSimSplit,100000,OK,0.0187,57.9111
julia,LazySPXYSplit,100,OK,0,0.0002
julia,LazySPXYSplit,300,OK,0,0.0014
julia,LazySPXYSplit,1000,OK,0,0.0154
julia,LazySPXYSplit,3000,OK,0,0.1373
julia,LazySPXYSplit,10000,OK,0.0001,1.6529
julia,LazySPXYSplit,30000,OK,0.004,14.4705
julia,LazySPXYSplit,100000,OK,0.0171,169.026
julia,OptiSimSplit,100,OK,0,0.0001
julia,OptiSimSplit,300,OK,0,0.0002
julia,OptiSimSplit,1000,OK,0.0078,0.0026
julia,OptiSimSplit,3000,OK,0.0674,0.0274
julia,OptiSimSplit,10000,OK,0.7482,0.3195
julia,OptiSimSplit,30000,OOM,,
julia,OptiSimSplit,100000,SKIPPED,,
julia,RandomSplit,100,OK,0.0009,0
julia,RandomSplit,300,OK,0.0007,0
julia,RandomSplit,1000,OK,0.0009,0
julia,RandomSplit,3000,OK,0.0012,0
julia,RandomSplit,10000,OK,0.0023,0.0001
julia,RandomSplit,30000,OK,0.0061,0.0002
julia,RandomSplit,100000,OK,0.0185,0.0007
julia,SPXYSplit,100,OK,0,0.0001
julia,SPXYSplit,300,OK,0.0002,0.0005
julia,SPXYSplit,1000,OK,0.012,0.007
julia,SPXYSplit,3000,OK,0.1338,0.0829
julia,SPXYSplit,10000,OK,1.4842,0.8634
julia,SPXYSplit,30000,OOM,,
julia,SPXYSplit,100000,SKIPPED,,
julia,TargetPropertyHigh,100,OK,0.0007,0
julia,TargetPropertyHigh,300,OK,0.0006,0
julia,TargetPropertyHigh,1000,OK,0.0009,0
julia,TargetPropertyHigh,3000,OK,0.0012,0.0001
julia,TargetPropertyHigh,10000,OK,0.0023,0.0003
julia,TargetPropertyHigh,30000,OK,0.0063,0.0009
julia,TargetPropertyHigh,100000,OK,0.0194,0.0037
julia,TargetPropertyLow,100,OK,0.0007,0
julia,TargetPropertyLow,300,OK,0.0008,0
julia,TargetPropertyLow,1000,OK,0.0009,0
julia,TargetPropertyLow,3000,OK,0.0011,0.0002
julia,TargetPropertyLow,10000,OK,0.0024,0.0003
julia,TargetPropertyLow,30000,OK,0.0061,0.0008
julia,TargetPropertyLow,100000,OK,0.0188,0.0032
julia,TimeSplitOldest,100,OK,0.0002,0
julia,TimeSplitOldest,300,OK,0.0002,0
julia,TimeSplitOldest,1000,OK,0.0003,0.0001
julia,TimeSplitOldest,3000,OK,0.0007,0.0002
julia,TimeSplitOldest,10000,OK,0.0017,0.0007
julia,TimeSplitOldest,30000,OK,0.0068,0.0021
julia,TimeSplitOldest,100000,OK,0.0228,0.01
julia,sphere_exclusion,100,OK,0.0002,0.0001
julia,sphere_exclusion,300,OK,0,0.0004
julia,sphere_exclusion,1000,OK,0.0078,0.0047
julia,sphere_exclusion,3000,OK,0.0677,0.0466
julia,sphere_exclusion,10000,OK,0.7482,0.5343
julia,sphere_exclusion,30000,OOM,,
julia,sphere_exclusion,100000,SKIPPED,,
python,KennardStoneSplit,100,OK,0,0.0002
python,KennardStoneSplit,300,OK,0.0001,0.0012
python,KennardStoneSplit,1000,OK,0.0146,0.008
python,KennardStoneSplit,3000,OK,0.1426,0.0973
python,KennardStoneSplit,10000,OK,1.584,1.0739
python,KennardStoneSplit,30000,OOM,,
python,KennardStoneSplit,100000,SKIPPED,,
python,OptiSimSplit,100,OK,0,0.0009
python,OptiSimSplit,300,OK,0.0009,0.0027
python,OptiSimSplit,1000,OK,0.0108,0.0152
python,OptiSimSplit,3000,OK,0.101,0.1057
python,OptiSimSplit,10000,OK,1.119,1.0556
python,OptiSimSplit,30000,OOM,,
python,OptiSimSplit,100000,SKIPPED,,
python,RandomSplit,100,OK,0,0.0003
python,RandomSplit,300,OK,0,0.0003
python,RandomSplit,1000,OK,0.0001,0.0004
python,RandomSplit,3000,OK,0.001,0.0007
python,RandomSplit,10000,OK,0.003,0.0016
python,RandomSplit,30000,OK,0.0119,0.0047
python,RandomSplit,100000,OK,0.0387,0.0167
python,SPXYSplit,100,OK,0,0.0003
python,SPXYSplit,300,OK,0.0012,0.0013
python,SPXYSplit,1000,OK,0.0254,0.0107
python,SPXYSplit,3000,OK,0.209,0.1283
python,SPXYSplit,10000,OK,2.3291,1.4383
python,SPXYSplit,30000,OOM,,
python,SPXYSplit,100000,SKIPPED,,
python,TargetPropertyHigh,100,OK,0,0
python,TargetPropertyHigh,300,OK,0,0.0001
python,TargetPropertyHigh,1000,OK,0.0002,0.0003
python,TargetPropertyHigh,3000,OK,0.0013,0.001
python,TargetPropertyHigh,10000,OK,0.0036,0.0052
python,TargetPropertyHigh,30000,OK,0.0138,0.017
python,TargetPropertyHigh,100000,OK,0.049,0.0824
python,TargetPropertyLow,100,OK,0,0
python,TargetPropertyLow,300,OK,0,0.0001
python,TargetPropertyLow,1000,OK,0.0002,0.0003
python,TargetPropertyLow,3000,OK,0.0013,0.001
python,TargetPropertyLow,10000,OK,0.0043,0.0049
python,TargetPropertyLow,30000,OK,0.0142,0.0158
python,TargetPropertyLow,100000,OK,0.0492,0.0819
python,TimeSplitOldest,100,OK,0,0.0001
python,TimeSplitOldest,300,OK,0,0.0001
python,TimeSplitOldest,1000,OK,0.0002,0.0003
python,TimeSplitOldest,3000,OK,0.0012,0.0008
python,TimeSplitOldest,10000,OK,0.0039,0.0036
python,TimeSplitOldest,30000,OK,0.0137,0.0096
python,TimeSplitOldest,100000,OK,0.0407,0.0583
python,sphere_exclusion,100,OK,0,0.0004
python,sphere_exclusion,300,OK,0.0013,0.0013
python,sphere_exclusion,1000,OK,0.0145,0.0082
python,sphere_exclusion,3000,OK,0.1336,0.0583
python,sphere_exclusion,10000,OK,1.4915,0.6126
python,sphere_exclusion,30000,OOM,,
python,sphere_exclusion,100000,SKIPPED,,
